step,reward,epsilon,deliveries
1,0.34999999999999987,0.5994601619838001,0
2,-0.4500000000000002,0.5989208096760731,0
3,-0.4500000000000002,0.5983819426398125,0
4,1.5999999999999999,0.5978435604384048,0
5,-0.9000000000000001,0.5973056626356298,0
6,1.0499999999999998,0.5967682487956595,0
7,0.5999999999999999,0.596231318483058,0
8,0.34999999999999987,0.5956948712627811,0
9,1.8499999999999999,0.5951589067001761,0
10,0.5999999999999999,0.5946234243609815,0
11,2.0999999999999996,0.5940884238113263,0
12,0.7999999999999998,0.5935539046177303,0
13,-0.7000000000000002,0.5930198663471027,0
14,0.5999999999999999,0.5924863085667428,0
15,-0.9000000000000001,0.591953230844339,0
16,0.34999999999999987,0.5914206327479687,0
17,-0.4500000000000002,0.5908885138460981,0
18,0.5999999999999999,0.5903568737075814,0
19,0.09999999999999987,0.5898257119016608,0
20,1.8499999999999999,0.5892950279979663,0
21,0.34999999999999987,0.5887648215665148,0
22,0.34999999999999987,0.5882350921777102,0
23,-0.7000000000000002,0.5877058394023429,0
24,-1.9500000000000002,0.5871770628115895,0
25,1.8499999999999999,0.5866487619770123,0
26,2.0999999999999996,0.5861209364705593,0
27,1.8499999999999999,0.5855935858645633,0
28,-1.9500000000000002,0.5850667097317425,0
29,0.34999999999999987,0.5845403076451987,0
30,-0.7000000000000002,0.5840143791784186,0
31,-2.220446049250313e-16,0.5834889239052721,0
32,0.5999999999999999,0.5829639414000125,0
33,-0.9000000000000001,0.5824394312372767,0
34,-0.9000000000000001,0.581915392992084,0
35,-0.2500000000000002,0.5813918262398354,0
36,0.5999999999999999,0.580868730556315,0
37,1.8499999999999999,0.5803461055176882,0
38,-2.4000000000000004,0.5798239507005015,0
39,0.34999999999999987,0.5793022656816825,0
40,0.5999999999999999,0.5787810500385396,0
41,1.0499999999999998,0.5782603033487614,0
42,0.09999999999999987,0.5777400251904165,0
43,1.0499999999999998,0.577220215141953,0
44,0.34999999999999987,0.5767008727821985,0
45,-0.9000000000000001,0.5761819976903593,0
46,0.7999999999999998,0.5756635894460205,0
47,-0.4500000000000002,0.5751456476291453,0
48,0.09999999999999987,0.5746281718200751,0
49,-0.4500000000000002,0.5741111615995286,0
50,-0.4500000000000002,0.5735946165486017,0
51,-1.1500000000000001,0.5730785362487674,0
52,0.34999999999999987,0.5725629202818753,0
53,1.0499999999999998,0.5720477682301509,0
54,-2.4000000000000004,0.5715330796761959,0
55,1.0499999999999998,0.5710188542029875,0
56,0.7999999999999998,0.570505091393878,0
57,1.8499999999999999,0.5699917908325947,0
58,-2.220446049250313e-16,0.5694789521032391,0
59,0.5999999999999999,0.5689665747902873,0
60,0.5999999999999999,0.5684546584785892,0
61,0.34999999999999987,0.567943202753368,0
62,0.5999999999999999,0.5674322072002204,0
63,0.5999999999999999,0.5669216714051155,0
64,-1.9500000000000002,0.5664115949543953,0
65,1.8499999999999999,0.5659019774347739,0
66,-0.4500000000000002,0.5653928184333371,0
67,1.0499999999999998,0.5648841175375425,0
68,-0.9000000000000001,0.5643758743352186,0
69,1.5999999999999999,0.5638680884145648,0
70,-1.1500000000000001,0.5633607593641512,0
71,0.34999999999999987,0.5628538867729179,0
72,0.34999999999999987,0.5623474702301746,0
73,0.5999999999999999,0.5618415093256011,0
74,-0.9000000000000001,0.5613360036492459,0
75,0.7999999999999998,0.5608309527915266,0
76,-0.7000000000000002,0.5603263563432291,0
77,-1.1500000000000001,0.5598222138955077,0
78,-1.1500000000000001,0.5593185250398843,0
79,-0.4500000000000002,0.5588152893682488,0
80,0.5999999999999999,0.5583125064728575,0
81,1.0499999999999998,0.5578101759463343,0
82,1.8499999999999999,0.5573082973816693,0
83,-0.9000000000000001,0.5568068703722188,0
84,0.5999999999999999,0.556305894511705,0
85,-2.220446049250313e-16,0.5558053693942157,0
86,-0.4500000000000002,0.5553052946142039,0
87,1.8499999999999999,0.5548056697664875,0
88,0.5999999999999999,0.5543064944462488,0
89,0.5999999999999999,0.5538077682490344,0
90,0.5999999999999999,0.553309490770755,0
91,-0.9000000000000001,0.5528116616076846,0
92,1.0499999999999998,0.5523142803564605,0
93,0.7999999999999998,0.5518173466140829,0
94,1.8499999999999999,0.5513208599779148,0
95,0.34999999999999987,0.5508248200456812,0
96,-0.4500000000000002,0.5503292264154693,0
97,2.0999999999999996,0.5498340786857278,0
98,-0.7000000000000002,0.5493393764552663,0
99,0.7999999999999998,0.5488451193232562,0
100,-2.4000000000000004,0.5483513068892287,0
101,-0.9000000000000001,0.5478579387530758,0
102,-0.4500000000000002,0.5473650145150494,0
103,1.8499999999999999,0.546872533775761,0
104,-0.9000000000000001,0.5463804961361813,0
105,1.5999999999999999,0.5458889011976404,0
106,0.34999999999999987,0.545397748561827,0
107,1.0499999999999998,0.5449070378307878,0
108,-0.4500000000000002,0.5444167686069278,0
109,-1.1500000000000001,0.5439269404930099,0
110,1.5999999999999999,0.5434375530921541,0
111,0.5999999999999999,0.5429486060078377,0
112,2.0999999999999996,0.5424600988438946,0
113,2.0999999999999996,0.5419720312045154,0
114,-0.9000000000000001,0.5414844026942465,0
115,1.8499999999999999,0.5409972129179903,0
116,1.8499999999999999,0.5405104614810048,0
117,2.0999999999999996,0.5400241479889027,0
118,0.34999999999999987,0.5395382720476521,0
119,1.0499999999999998,0.5390528332635753,0
120,-0.7000000000000002,0.5385678312433487,0
121,-0.4500000000000002,0.5380832655940029,0
122,-1.9500000000000002,0.5375991359229217,0
123,0.5999999999999999,0.5371154418378427,0
124,1.8499999999999999,0.5366321829468559,0
125,-0.2500000000000002,0.536149358858404,0
126,0.34999999999999987,0.5356669691812823,0
127,1.5999999999999999,0.5351850135246379,0
128,-0.7000000000000002,0.5347034914979695,0
129,1.5999999999999999,0.5342224027111271,0
130,0.34999999999999987,0.5337417467743119,0
131,-0.7000000000000002,0.5332615232980756,0
132,-0.9000000000000001,0.5327817318933206,0
133,0.7999999999999998,0.532302372171299,0
134,1.0499999999999998,0.5318234437436132,0
135,0.5999999999999999,0.5313449462222146,0
136,1.0499999999999998,0.5308668792194039,0
137,1.8499999999999999,0.5303892423478305,0
138,1.0499999999999998,0.5299120352204925,0
139,0.5499999999999998,0.5294352574507359,0
140,0.34999999999999987,0.528958908652255,0
141,0.34999999999999987,0.5284829884390916,0
142,0.34999999999999987,0.5280074964256344,0
143,0.7999999999999998,0.5275324322266192,0
144,0.09999999999999987,0.5270577954571286,0
145,0.5999999999999999,0.5265835857325915,0
146,2.0999999999999996,0.5261098026687826,0
147,-0.7000000000000002,0.5256364458818225,0
148,1.8499999999999999,0.5251635149881771,0
149,0.5999999999999999,0.5246910096046574,0
150,1.8499999999999999,0.5242189293484192,0
151,-0.4500000000000002,0.5237472738369627,0
152,2.0999999999999996,0.5232760426881323,0
153,-0.4500000000000002,0.5228052355201162,0
154,0.7999999999999998,0.5223348519514459,0
155,-1.5000000000000002,0.5218648916009966,0
156,1.8499999999999999,0.5213953540879862,0
157,98.85000000000001,0.520926239031975,0
158,-0.0030000000000001137,0.5204575460528658,0
159,-0.0030000000000001137,0.5199892747709034,0
160,0.5469999999999999,0.5195214248066741,0
161,-1.153,0.5190539957811058,0
162,2.097,0.5185869873154673,0
163,0.597,0.5181203990313681,0
164,0.347,0.5176542305507584,0
165,-0.45300000000000007,0.5171884814959283,0
166,1.847,0.516723151489508,0
167,-0.0030000000000001137,0.5162582401544669,0
168,1.047,0.5157937471141137,0
169,99.897,0.5153296719920963,0
170,-0.45599999999999996,0.5148660144124011,0
171,0.5940000000000001,0.5144027739993524,0
172,0.794,0.5139399503776131,0
173,0.544,0.5134775431721835,0
174,1.594,0.5130155520084013,0
175,-0.45599999999999996,0.5125539765119415,0
176,-0.45599999999999996,0.5120928163088154,0
177,0.5940000000000001,0.5116320710253716,0
178,-0.9059999999999999,0.5111717402882939,0
179,1.044,0.5107118237246028,0
180,0.794,0.5102523209616537,0
181,1.594,0.5097932316271381,0
182,-0.45599999999999996,0.5093345553490818,0
183,0.3440000000000001,0.5088762917558456,0
184,0.5940000000000001,0.5084184404761246,0
185,0.3440000000000001,0.5079610011389477,0
186,2.0940000000000003,0.507503973373678,0
187,1.594,0.5070473568100119,0
188,0.5940000000000001,0.506591151077979,0
189,0.5940000000000001,0.5061353558079418,0
190,0.5940000000000001,0.5056799706305951,0
191,1.044,0.5052249951769664,0
192,0.3440000000000001,0.5047704290784149,0
193,0.3440000000000001,0.5043162719666314,0
194,0.5940000000000001,0.5038625234736385,0
195,1.044,0.5034091832317893,0
196,-0.256,0.5029562508737682,0
197,0.3440000000000001,0.5025037260325897,0
198,0.3440000000000001,0.5020516083415989,0
199,-0.256,0.5015998974344703,0
200,0.794,0.5011485929452084,0
201,0.5940000000000001,0.5006976945081468,0
202,-0.706,0.5002472017579482,0
203,0.3440000000000001,0.49979711432960394,0
204,0.3440000000000001,0.4993474318584337,0
205,0.3440000000000001,0.4988981539800854,0
206,0.3440000000000001,0.4984492803305347,0
207,1.844,0.49800081054608486,0
208,-0.45599999999999996,0.49755274426336626,0
209,1.044,0.4971050811193363,0
210,0.3440000000000001,0.49665782075127907,0
211,1.594,0.49621096279680477,0
212,-1.956,0.49576450689384993,0
213,0.794,0.49531845268067676,0
214,0.5940000000000001,0.4948727997958728,0
215,0.3440000000000001,0.49442754787835097,0
216,0.3440000000000001,0.4939826965673489,0
217,0.794,0.4935382455024288,0
218,1.044,0.49309419432347745,0
219,-0.5559999999999998,0.49265054267070535,0
220,-0.3059999999999999,0.4922072901846467,0
221,-0.9059999999999999,0.4917644365061593,0
222,0.3440000000000001,0.491321981276424,0
223,0.5940000000000001,0.49087992413694453,0
224,1.594,0.4904382647295471,0
225,-1.156,0.4899970026963802,0
226,1.044,0.4895561376799143,0
227,-1.956,0.4891156693229416,0
228,1.344,0.48867559726857557,0
229,-0.3059999999999999,0.48823592116025094,0
230,0.5940000000000001,0.48779664064172307,0
231,0.09400000000000008,0.487357755357068,0
232,0.09400000000000008,0.486919264950682,0
233,1.844,0.48648116906728117,0
234,0.3440000000000001,0.48604346735190135,0
235,-0.45599999999999996,0.48560615944989766,0
236,-0.3059999999999999,0.48516924500694447,0
237,0.14400000000000007,0.48473272366903486,0
238,0.9440000000000002,0.48429659508248035,0
239,-4.906,0.4838608588939108,0
240,-0.9059999999999999,0.483425514750274,0
241,-2.4059999999999997,0.4829905622988353,0
242,-5.505999999999999,0.48255600118717745,0
243,1.594,0.4821218310632004,0
244,0.5940000000000001,0.4816880515751207,0
245,0.5940000000000001,0.48125466237147146,0
246,-1.956,0.4808216631011022,0
247,-0.9059999999999999,0.4803890534131781,0
248,-1.956,0.4799568329571802,0
249,0.794,0.4795250013829048,0
250,0.3440000000000001,0.47909355834046347,0
251,0.794,0.47866250348028233,0
252,0.5940000000000001,0.47823183645310213,0
253,-0.903,0.47780155690997794,0
254,0.5940000000000001,0.47737166450227875,0
255,0.5940000000000001,0.4769421588816872,0
256,2.0940000000000003,0.4765130397001992,0
257,0.5940000000000001,0.4760843066101239,0
258,-4.4559999999999995,0.4756559592640834,0
259,0.5940000000000001,0.47522799731501203,0
260,-1.103,0.4748004204161567,0
261,-4.4559999999999995,0.4743732282210761,0
262,1.044,0.4739464203836407,0
263,0.794,0.4735199965580324,0
264,-0.45599999999999996,0.4730939563987443,0
265,-1.156,0.4726682995605802,0
266,2.0940000000000003,0.47224302569865456,0
267,-1.956,0.4718181344683922,0
268,1.844,0.47139362552552794,0
269,0.3440000000000001,0.47096949852610626,0
270,1.044,0.4705457531264812,0
271,-0.9059999999999999,0.47012238898331604,0
272,1.594,0.4696994057535828,0
273,-0.9059999999999999,0.4692768030945623,0
274,1.844,0.46885458066384367,0
275,-5.103,0.46843273811932395,0
276,402.04699999999997,0.4680112751192082,1
277,-0.903,0.4675901913220089,1
278,399.49999999999994,0.4671694863865459,2
279,0.5999999999999999,0.46674915997194577,2
280,-3.5999999999999996,0.466329211737642,2
281,0.3999999999999999,0.4659096413433745,2
282,0.34999999999999987,0.4654904484491891,2
283,-5.499999999999999,0.4650716327154377,2
284,1.8499999999999999,0.46465319380277775,2
285,-0.7000000000000002,0.4642351313721719,2
286,-2.4000000000000004,0.46381744508488815,2
287,1.8499999999999999,0.4634001346024989,2
288,0.34999999999999987,0.4629831995868812,2
289,0.34999999999999987,0.4625666397002164,2
290,1.8499999999999999,0.46215045460498966,2
291,-1.1500000000000001,0.46173464396398994,2
292,1.8499999999999999,0.4613192074403094,2
293,-1.1500000000000001,0.4609041446973436,2
294,-0.7000000000000002,0.46048945539879066,2
295,-0.9000000000000001,0.46007513920865156,2
296,0.7999999999999998,0.4596611957912293,2
297,-1.5000000000000002,0.4592476248111293,2
298,0.7999999999999998,0.45883442593325835,2
299,-0.7000000000000002,0.45842159882282496,2
300,1.0499999999999998,0.4580091431453388,2
301,0.34999999999999987,0.4575970585666104,2
302,1.3499999999999999,0.45718534475275124,2
303,-0.4500000000000002,0.4567740013701729,2
304,-5.5,0.4563630280855872,2
305,-1.9500000000000002,0.45595242456600604,2
306,-0.4500000000000002,0.45554219047874056,2
307,-6.8,0.45513232549140153,2
308,-5.3,0.4547228292718986,2
309,-10.35,0.45431370148844036,2
310,-9.3,0.4539049418095337,2
311,-6.8,0.453496549903984,2
312,-2.6,0.45308852544089456,2
313,-0.6500000000000001,0.45268086808966634,2
314,-10.8,0.45227357751999775,2
315,-10.8,0.4518666534018843,2
316,1.2,0.45146009540561866,2
317,1.5999999999999999,0.45105390320179,2
318,-3.85,0.4506480764612838,2
319,0.34999999999999987,0.45024261485528183,2
320,-1.1500000000000001,0.44983751805526156,2
321,-5.949999999999999,0.4494327857329961,2
322,-13.049999999999999,0.44902841756055395,2
323,0.09999999999999987,0.4486244132102985,2
324,-5.949999999999999,0.44822077235488794,2
325,-1.9500000000000002,0.4478174946672752,2
326,2.0999999999999996,0.4474145798207072,2
327,-9.7,0.44701202748872493,2
328,-1.1500000000000001,0.4466098373451632,2
329,0.5499999999999998,0.4462080090641502,2
330,-5.1,0.4458065423201073,2
331,-5.949999999999999,0.4454054367877489,2
332,-0.4500000000000002,0.44500469214208194,2
333,-5.35,0.44460430805840584,2
334,-1.35,0.4442042842123122,2
335,-3.8499999999999996,0.44380462027968437,2
336,-10.35,0.44340531593669746,2
337,-50.89999999999999,0.4430063708598178,2
338,-5.949999999999999,0.442607784725803,2
339,0.5999999999999999,0.44220955721170124,2
340,0.5499999999999998,0.4418116879948515,2
341,-4.449999999999999,0.441414176752883,2
342,-2.4000000000000004,0.44101702316371505,2
343,-4.449999999999999,0.4406202269055565,2
344,-5.1,0.4402237876569061,2
345,0.34999999999999987,0.4398277050965516,2
346,-1.1500000000000001,0.4394319789035698,2
347,-0.9000000000000001,0.43903660875732625,2
348,-6.6,0.438641594337475,2
349,0.34999999999999987,0.4382469353239585,2
350,-52.949999999999996,0.4378526313970068,2
351,-1.9500000000000002,0.437458682237138,2
352,0.34999999999999987,0.4370650875251574,2
353,-49.65,0.43667184694215766,2
354,0.34999999999999987,0.4362789601695183,2
355,-4.5,0.43588642688890544,2
356,-10.8,0.43549424678227183,2
357,-2.6,0.4351024195318561,2
358,-0.3000000000000001,0.4347109448201829,2
359,-0.7000000000000002,0.4343198223300627,2
360,-1.1500000000000001,0.43392905174459107,2
361,-0.7000000000000002,0.4335386327471489,2
362,-5.1,0.43314856502140175,2
363,-2.1500000000000004,0.43275884825130007,2
364,1.2,0.43236948212107845,2
365,-1.1500000000000001,0.4319804663152557,2
366,-4.6499999999999995,0.4315918005186345,2
367,-5.55,0.4312034844163009,2
368,1.0499999999999998,0.4308155176936246,2
369,0.34999999999999987,0.43042790003625814,2
370,-4.9,0.43004063113013696,2
371,-5.1,0.42965371066147917,2
372,-10.8,0.4292671383167851,2
373,-1.1,0.42888091378283716,2
374,-1.5000000000000002,0.4284950367466996,2
375,-15.0,0.42810950689571814,2
376,-1.1500000000000001,0.42772432391751997,2
377,0.5999999999999999,0.42733948750001316,2
378,-0.6500000000000001,0.42695499733138664,2
379,-0.10000000000000014,0.42657085310011,2
380,-4.75,0.4261870544949329,2
381,-5.4,0.4258036012048852,2
382,-5.35,0.42542049291927647,2
383,-0.30000000000000004,0.4250377293276959,2
384,-0.4500000000000002,0.4246553101200119,2
385,-0.7000000000000002,0.4242732349863719,2
386,0.3999999999999999,0.42389150361720235,2
387,-1.35,0.4235101157032078,2
388,-0.75,0.42312907093537144,2
389,-5.35,0.4227483690049543,2
390,-1.2,0.42236800960349535,2
391,-1.35,0.42198799242281093,2
392,-5.35,0.42160831715499475,2
393,-1.9500000000000002,0.4212289834924175,2
394,0.5999999999999999,0.4208499911277267,2
395,-0.4500000000000002,0.42047133975384643,2
396,-0.3000000000000001,0.42009302906397705,2
397,-2.4000000000000004,0.4197150587515948,2
398,-0.9000000000000001,0.41933742851045197,2
399,-1.1500000000000001,0.4189601380345762,2
400,-0.4500000000000002,0.4185831870182705,2
401,-1.1500000000000001,0.41820657515611287,2
402,-4.449999999999999,0.41783030214295613,2
403,-5.35,0.4174543676739277,2
404,-0.30000000000000004,0.41707877144442923,2
405,-1.1,0.4167035131501365,2
406,0.5999999999999999,0.41632859248699894,2
407,-2.4000000000000004,0.41595400915123976,2
408,0.34999999999999987,0.41557976283935544,2
409,-0.9000000000000001,0.4152058532481154,2
410,0.34999999999999987,0.4148322800745619,2
411,0.5999999999999999,0.41445904301601,2
412,0.34999999999999987,0.4140861417700469,2
413,-6.1499999999999995,0.4137135760345318,2
414,-0.10000000000000009,0.41334134550759605,2
415,-2.4000000000000004,0.4129694498876423,2
416,-4.449999999999999,0.41259788887334475,2
417,0.34999999999999987,0.41222666216364867,2
418,-0.9000000000000001,0.4118557694577701,2
419,-4.449999999999999,0.41148521045519576,2
420,-6.15,0.4111149848556828,2
421,-0.9000000000000001,0.41074509235925855,2
422,-4.449999999999999,0.41037553266622007,2
423,-2.4000000000000004,0.4100063054771342,2
424,-0.7000000000000002,0.40963741049283714,2
425,0.1499999999999999,0.4092688474144342,2
426,-0.9000000000000001,0.4089006159432998,2
427,1.3499999999999999,0.40853271578107686,2
428,-5.35,0.4081651466296768,2
429,-0.9000000000000001,0.40779790819127926,2
430,-0.4500000000000002,0.40743100016833184,2
431,-0.9000000000000001,0.4070644222635498,2
432,-0.7000000000000002,0.4066981741799159,2
433,-1.1500000000000001,0.4063322556206802,2
434,-1.35,0.4059666662893597,2
435,-4.249999999999999,0.4056014058897381,2
436,-5.949999999999999,0.4052364741258657,2
437,-1.1500000000000001,0.4048718707020591,2
438,-2.4000000000000004,0.40450759532290087,2
439,1.5999999999999999,0.4041436476932394,2
440,-4.449999999999999,0.40378002751818853,2
441,-0.4500000000000002,0.4034167345031276,2
442,-0.9000000000000001,0.4030537683537009,2
443,1.5999999999999999,0.40269112877581764,2
444,0.34999999999999987,0.4023288154756515,2
445,-2.4000000000000004,0.4019668281596408,2
446,0.34999999999999987,0.40160516653448763,2
447,0.34999999999999987,0.40124383030715827,2
448,-5.949999999999999,0.40088281918488244,2
449,0.09999999999999987,0.4005221328751534,2
450,0.5999999999999999,0.4001617710857276,2
451,-0.9000000000000001,0.39980173352462434,2
452,-0.9000000000000001,0.3994420199001256,2
453,2.0999999999999996,0.399082629920776,2
454,-5.35,0.39872356329538217,2
455,-0.7000000000000002,0.3983648197330129,2
456,-1.1500000000000001,0.3980063989429987,2
457,0.34999999999999987,0.3976483006349316,2
458,-0.55,0.39729052451866487,2
459,-2.1500000000000004,0.39693307030431285,2
460,-0.30000000000000004,0.3965759377022508,2
461,-4.1,0.39621912642311446,2
462,-1.8,0.39586263617779993,2
463,-1.8,0.3955064666774634,2
464,-3.8499999999999996,0.3951506176335211,2
465,-0.9000000000000001,0.3947950887576487,2
466,-5.499999999999999,0.39443987976178135,2
467,-0.6500000000000001,0.39408499035811345,2
468,-1.8,0.39373042025909827,2
469,-1.8,0.39337616917744783,2
470,-5.35,0.39302223682613263,2
471,-1.8,0.3926686229183815,2
472,0.1499999999999999,0.39231532716768114,2
473,0.09999999999999987,0.39196234928777607,2
474,-6.15,0.3916096889926684,2
475,-2.4000000000000004,0.39125734599661766,2
476,-1.9500000000000002,0.39090532001414025,2
477,-4.699999999999999,0.3905536107600095,2
478,0.34999999999999987,0.39020221794925547,2
479,-0.7000000000000002,0.3898511412971646,2
480,-5.35,0.3895003805192793,2
481,-1.35,0.3891499353313982,2
482,-6.6,0.3887998054495755,2
483,0.34999999999999987,0.3884499905901208,2
484,-5.35,0.3881004904695991,2
485,0.09999999999999987,0.3877513048048303,2
486,0.09999999999999987,0.387402433312889,2
487,0.34999999999999987,0.38705387571110456,2
488,-2.4000000000000004,0.38670563171706057,2
489,1.2,0.3863577010485948,2
490,-5.35,0.3860100834237987,2
491,-0.9000000000000001,0.3856627785610176,2
492,0.09999999999999987,0.38531578617885004,2
493,-2.4000000000000004,0.3849691059961478,2
494,0.5999999999999999,0.3846227377320158,2
495,-5.35,0.3842766811058113,2
496,-3.1999999999999997,0.38393093583714455,2
497,0.34999999999999987,0.38358550164587774,2
498,-2.4000000000000004,0.38324037825212515,2
499,-1.1,0.38289556537625297,2
500,-3.1999999999999993,0.38255106273887884,2
501,-5.949999999999999,0.38220687006087195,2
502,-1.1500000000000001,0.38186298706335253,2
503,0.5999999999999999,0.38151941346769175,2
504,-1.1500000000000001,0.3811761489955115,2
505,-2.9499999999999993,0.38083319336868404,2
506,-0.9000000000000001,0.38049054630933205,2
507,-4.699999999999999,0.3801482075398279,2
508,-1.1500000000000001,0.37980617678279416,2
509,-1.1500000000000001,0.37946445376110266,2
510,0.34999999999999987,0.37912303819787474,2
511,0.09999999999999987,0.3787819298164807,2
512,-1.1500000000000001,0.37844112834053983,2
513,-1.9500000000000002,0.37810063349392015,2
514,0.09999999999999987,0.37776044500073797,2
515,-5.949999999999999,0.37742056258535794,2
516,0.34999999999999987,0.3770809859723927,2
517,-0.9000000000000001,0.3767417148867026,2
518,-1.1500000000000001,0.37640274905339566,2
519,-7.999999999999999,0.376064088197827,2
520,-1.9500000000000002,0.3757257320455991,2
521,-1.8,0.37538768032256115,2
522,-3.4499999999999993,0.3750499327548091,2
523,-2.4000000000000004,0.37471248906868526,2
524,-0.7000000000000002,0.3743753489907783,2
525,-1.1500000000000001,0.3740385122479227,2
526,0.09999999999999987,0.3737019785671989,2
527,-2.1500000000000004,0.3733657476759327,2
528,0.34999999999999987,0.37302981930169543,2
529,-1.1500000000000001,0.37269419317230335,2
530,0.5999999999999999,0.3723588690158177,2
531,-2.4000000000000004,0.3720238465605445,2
532,0.5999999999999999,0.37168912553503397,2
533,0.5999999999999999,0.37135470566808076,2
534,-0.9000000000000001,0.37102058668872345,2
535,-4.449999999999999,0.3706867683262445,2
536,-0.9000000000000001,0.3703532503101698,2
537,-0.3000000000000001,0.3700200323702687,2
538,1.0499999999999998,0.36968711423655365,2
539,-5.949999999999999,0.3693544956392801,2
540,-1.1500000000000001,0.36902217630894607,2
541,0.09999999999999987,0.36869015597629207,2
542,-1.9500000000000002,0.3683584343723009,2
543,-0.7000000000000002,0.36802701122819753,2
544,-1.1,0.3676958862754485,2
545,-1.1,0.3673650592457622,2
546,-4.699999999999999,0.36703452987108814,2
547,-0.9000000000000001,0.36670429788361736,2
548,-2.4000000000000004,0.3663743630157816,2
549,0.14999999999999986,0.3660447250002533,2
550,-8.25,0.36571538356994565,2
551,-2.4000000000000004,0.365386338458012,2
552,1.3499999999999999,0.3650575893978457,2
553,-0.9000000000000001,0.3647291361230803,2
554,-0.55,0.3644009783675886,2
555,-5.5,0.36407311586548313,2
556,-0.55,0.36374554835111556,2
557,-5.35,0.3634182755590765,2
558,0.09999999999999987,0.3630912972241955,2
559,-6.6,0.3627646130815405,2
560,-1.1500000000000001,0.3624382228664181,2
561,-1.1500000000000001,0.3621121263143727,2
562,1.3499999999999999,0.36178632316118686,2
563,-2.4000000000000004,0.36146081314288087,2
564,-3.4499999999999997,0.36113559599571243,2
565,-2.4000000000000004,0.36081067145617657,2
566,0.34999999999999987,0.3604860392610055,2
567,-5.949999999999999,0.36016169914716806,2
568,-0.9000000000000001,0.35983765085187003,2
569,-4.449999999999999,0.35951389411255347,2
570,-10.149999999999999,0.3591904286668967,2
571,-4.449999999999999,0.3588672542528141,2
572,-4.1,0.35854437060845584,2
573,-1.8,0.3582217774722076,2
574,-2.4000000000000004,0.35789947458269056,2
575,-2.220446049250313e-16,0.35757746167876103,2
576,-0.9000000000000001,0.3572557384995102,2
577,-0.2500000000000002,0.35693430478426413,2
578,-1.8,0.3566131602725834,2
579,-0.3000000000000001,0.3562923047042628,2
580,0.09999999999999987,0.35597173781933145,2
581,-0.9000000000000001,0.35565145935805204,2
582,-0.9000000000000001,0.3553314690609213,2
583,0.09999999999999987,0.3550117666686692,2
584,-5.049999999999999,0.35469235192225906,2
585,-1.9500000000000002,0.3543732245628874,2
586,-2.4000000000000004,0.35405438433198333,2
587,0.09999999999999987,0.3537358309712089,2
588,-0.9000000000000001,0.35341756422245835,2
589,-1.1500000000000001,0.3530995838278582,2
590,1.8499999999999999,0.35278188952976713,2
591,-4.449999999999999,0.35246448107077544,2
592,-2.4000000000000004,0.3521473581937051,2
593,0.34999999999999987,0.35183052064160947,2
594,0.34999999999999987,0.3515139681577732,2
595,-1.1500000000000001,0.35119770048571175,2
596,0.34999999999999987,0.3508817173691714,2
597,-2.4000000000000004,0.35056601855212904,2
598,1.8499999999999999,0.3502506037787919,2
599,-0.4500000000000002,0.3499354727935973,2
600,-0.7000000000000002,0.3496206253412125,2
601,0.5999999999999999,0.3493060611665345,2
602,-5.499999999999999,0.34899178001468995,2
603,-5.499999999999999,0.3486777816310346,2
604,-5.1,0.3483640657611534,2
605,-1.8,0.34805063215086035,2
606,-1.1500000000000001,0.3477374805461979,2
607,-1.2000000000000002,0.34742461069343716,2
608,-2.8,0.3471120223390775,2
609,-4.75,0.34679971522984643,2
610,-4.5,0.3464876891126991,2
611,-2.4000000000000004,0.34617594373481864,2
612,-4.249999999999999,0.3458644788436154,2
613,-0.7000000000000002,0.3455532941867271,2
614,-5.049999999999999,0.3452423895120185,2
615,-1.1500000000000001,0.34493176456758134,2
616,-2.4000000000000004,0.3446214191017338,2
617,0.09999999999999987,0.34431135286302067,2
618,0.34999999999999987,0.34400156560021283,2
619,-0.9000000000000001,0.3436920570623074,2
620,-0.7000000000000002,0.34338282699852707,2
621,-1.5000000000000002,0.3430738751583204,2
622,-2.4000000000000004,0.34276520129136123,2
623,-0.4500000000000002,0.3424568051475487,2
624,-1.9500000000000002,0.342148686477007,2
625,-1.5000000000000002,0.34184084503008505,2
626,0.5999999999999999,0.34153328055735643,2
627,-1.8,0.34122599280961924,2
628,-0.4500000000000002,0.34091898153789557,2
629,-0.4500000000000002,0.3406122464934317,2
630,-1.1500000000000001,0.3403057874276977,2
631,-1.0500000000000003,0.33999960409238716,2
632,0.5999999999999999,0.33969369623941714,2
633,-0.4500000000000002,0.33938806362092794,2
634,-1.1500000000000001,0.33908270598928286,2
635,0.7999999999999998,0.33877762309706794,2
636,-5.949999999999999,0.33847281469709184,2
637,-0.4500000000000002,0.3381682805423857,2
638,-3.5999999999999996,0.3378640203862027,2
639,0.34999999999999987,0.33756003398201834,2
640,-5.35,0.3372563210835296,2
641,-1.55,0.33695288144465524,2
642,-6.6,0.3366497148195354,2
643,1.2,0.33634682096253127,2
644,-2.0,0.33604419962822535,2
645,-0.10000000000000014,0.33574185057142064,2
646,-0.9000000000000001,0.335439773547141,2
647,-0.4500000000000002,0.33513796831063064,2
648,-0.9000000000000001,0.3348364346173538,2
649,-1.9500000000000002,0.334535172222995,2
650,-0.9000000000000001,0.3342341808834584,2
651,-6.1499999999999995,0.3339334603548678,2
652,-4.699999999999999,0.3336330103935665,2
653,-1.1500000000000001,0.333332830756117,2
654,-5.35,0.33303292119930084,2
655,-5.499999999999999,0.3327332814801183,2
656,-0.4500000000000002,0.3324339113557885,2
657,-4.6499999999999995,0.3321348105837487,2
658,-4.8999999999999995,0.33183597892165456,2
659,-4.449999999999999,0.33153741612737986,2
660,-1.5000000000000002,0.3312391219590161,2
661,-5.949999999999999,0.3309410961748725,2
662,-0.4500000000000002,0.3306433385334758,2
663,-5.35,0.3303458487935697,2
664,-1.1500000000000001,0.33004862671411533,2
665,-1.8,0.3297516720542906,2
666,-3.4499999999999993,0.32945498457349,2
667,-5.949999999999999,0.32915856403132443,2
668,-6.8,0.3288624101876213,2
669,-1.5000000000000002,0.328566522802424,2
670,-9.3,0.3282709016359917,2
671,-2.6,0.3279755464487995,2
672,-0.4500000000000002,0.32768045700153786,2
673,-5.1,0.32738563305511253,2
674,-5.3,0.32709107437064444,2
675,-2.4000000000000004,0.32679678070946955,2
676,-3.8499999999999996,0.3265027518331383,2
677,-9.3,0.326208987503416,2
678,-2.4000000000000004,0.32591548748228194,2
679,-10.35,0.3256222515319298,2
680,-9.3,0.3253292794147672,2
681,-4.5,0.3250365708934155,2
682,-10.2,0.32474412573070954,2
683,-2.4000000000000004,0.32445194368969776,2
684,-6.15,0.3241600245336417,2
685,-3.85,0.3238683680260157,2
686,-2.6,0.3235769739305072,2
687,-4.5,0.3232858420110161,2
688,-6.8,0.32299497203165484,2
689,-5.499999999999999,0.322704363756748,2
690,-4.449999999999999,0.3224140169508321,2
691,-1.1,0.3221239313786558,2
692,-2.1500000000000004,0.32183410680517915,2
693,-5.1,0.3215445429955739,2
694,-2.4000000000000004,0.32125523971522285,2
695,-0.4500000000000002,0.32096619672972,2
696,0.3999999999999999,0.3206774138048703,2
697,-8.649999999999999,0.3203888907066894,2
698,-5.1,0.3201006272014034,2
699,-1.1500000000000001,0.31981262305544883,2
700,-2.1500000000000004,0.31952487803547225,2
701,-0.2500000000000002,0.3192373919083303,2
702,-6.6,0.31895016444108926,2
703,-0.7000000000000002,0.318663195401025,2
704,-2.4000000000000004,0.31837648455562295,2
705,0.7999999999999998,0.3180900316725776,2
706,-5.35,0.3178038365197924,2
707,-0.9000000000000001,0.3175178988653798,2
708,-3.8499999999999996,0.3172322184776607,2
709,-6.0,0.31694679512516455,2
710,-1.9500000000000002,0.31666162857662905,2
711,-0.7000000000000002,0.316376718601,2
712,0.34999999999999987,0.316092064967431,2
713,-0.7000000000000002,0.3158076674452834,2
714,-6.15,0.315523525804126,2
715,-1.1500000000000001,0.3152396398137351,2
716,-51.949999999999996,0.31495600924409406,2
717,1.0499999999999998,0.31467263386539307,2
718,-1.9500000000000002,0.31438951344802923,2
719,-5.499999999999999,0.31410664776260616,2
720,-2.4000000000000004,0.31382403657993385,2
721,0.5999999999999999,0.3135416796710286,2
722,-1.9500000000000002,0.3132595768071125,2
723,0.7999999999999998,0.3129777277596139,2
724,-1.1500000000000001,0.31269613230016635,2
725,-1.9500000000000002,0.3124147902006092,2
726,-1.35,0.31213370123298684,2
727,-3.5999999999999996,0.31185286516954885,2
728,-0.9000000000000001,0.31157228178274987,2
729,-4.6499999999999995,0.3112919508452491,2
730,-10.35,0.3110118721299102,2
731,0.5999999999999999,0.3107320454098015,2
732,-54.099999999999994,0.3104524704581952,2
733,0.5999999999999999,0.31017314704856763,2
734,-4.449999999999999,0.309894074954599,2
735,-4.5,0.309615253950173,2
736,-6.0,0.3093366838093768,2
737,-6.0,0.3090583643065009,2
738,-9.55,0.3087802952160389,2
739,0.29999999999999993,0.3085024763126871,2
740,-1.2000000000000002,0.3082249073713448,2
741,0.29999999999999993,0.3079475881671136,2
742,-1.2000000000000002,0.3076705184752974,2
743,-5.3,0.30739369807140254,2
744,-1.2000000000000002,0.3071171267311372,2
745,1.8499999999999999,0.3068408042304113,2
746,-1.35,0.30656473034533643,2
747,-2.4000000000000004,0.3062889048522256,2
748,-4.1,0.30601332752759314,2
749,-5.1,0.30573799814815444,2
750,-4.5,0.30546291649082574,2
751,0.34999999999999987,0.30518808233272404,2
752,-10.149999999999999,0.30491349545116675,2
753,-2.4000000000000004,0.30463915562367183,2
754,-2.4000000000000004,0.3043650626279573,2
755,-1.9500000000000002,0.30409121624194124,2
756,-0.7000000000000002,0.30381761624374143,2
757,-0.6500000000000001,0.30354426241167537,2
758,-0.30000000000000004,0.30327115452426007,2
759,-3.85,0.30299829236021164,2
760,-1.1,0.30272567569844544,2
761,0.14999999999999986,0.3024533043180757,2
762,-1.8,0.3021811779984154,2
763,0.95,0.30190929651897597,2
764,-0.9000000000000001,0.30163765965946737,2
765,-48.14999999999999,0.30136626719979775,2
766,-6.6,0.3010951189200733,2
767,-1.8,0.3008242146005978,2
768,-0.55,0.30055355402187295,2
769,1.2,0.3002831369645979,2
770,-5.35,0.30001296320966914,2
771,-4.5,0.29974303253818013,2
772,-1.35,0.2994733447314215,2
773,-1.8,0.2992038995708805,2
774,-4.1,0.2989346968382411,2
775,-10.149999999999999,0.2986657363153836,2
776,-1.35,0.29839701778438465,2
777,0.5999999999999999,0.29812854102751685,2
778,-0.9000000000000001,0.2978603058272487,2
779,-5.949999999999999,0.2975923119662446,2
780,-1.1500000000000001,0.2973245592273642,2
781,-7.999999999999999,0.2970570473936629,2
782,-4.699999999999999,0.29678977624839087,2
783,-0.9000000000000001,0.29652274557499364,2
784,-4.1,0.2962559551571114,2
785,-6.6,0.295989404778579,2
786,-1.1500000000000001,0.29572309422342585,2
787,-0.6500000000000001,0.29545702327587575,2
788,-5.55,0.2951911917203464,2
789,-5.4,0.2949255993414497,2
790,-2.0,0.29466024592399126,2
791,-5.4,0.2943951312529703,2
792,-1.2,0.2941302551135794,2
793,-4.5,0.29386561729120453,2
794,-0.3000000000000001,0.29360121757142477,2
795,0.14999999999999986,0.293337055740012,2
796,0.29999999999999993,0.29307313158293097,2
797,-0.75,0.2928094448863389,2
798,0.04999999999999993,0.2925459954365855,2
799,-1.2,0.29228278302021266,2
800,-0.75,0.2920198074239543,2
801,-2.1500000000000004,0.29175706843473626,2
802,0.09999999999999987,0.2914945658396761,2
803,0.34999999999999987,0.2912322994260828,2
804,0.7,0.29097026898145695,2
805,-2.4000000000000004,0.29070847429349006,2
806,-4.699999999999999,0.2904469151500649,2
807,-5.1,0.29018559133925487,2
808,-2.4000000000000004,0.28992450264932423,2
809,-0.4500000000000002,0.28966364886872764,2
810,-0.7000000000000002,0.2894030297861101,2
811,-0.4500000000000002,0.2891426451903068,2
812,-0.55,0.2888824948703429,2
813,-6.15,0.2886225786154334,2
814,-4.699999999999999,0.28836289621498296,2
815,-1.8,0.2881034474585857,2
816,-0.9000000000000001,0.287844232136025,2
817,-6.0,0.2875852500372735,2
818,-1.1,0.2873265009524927,2
819,-0.7000000000000002,0.28706798467203287,2
820,-0.30000000000000004,0.28680970098643305,2
821,-1.1500000000000001,0.2865516496864207,2
822,-0.4500000000000002,0.28629383056291147,2
823,0.34999999999999987,0.28603624340700917,2
824,-5.1,0.28577888801000556,2
825,-0.9000000000000001,0.2855217641633803,2
826,0.34999999999999987,0.2852648716588005,2
827,-3.5999999999999996,0.2850082102881208,2
828,0.14999999999999986,0.28475177984338307,2
829,-0.9000000000000001,0.2844955801168163,2
830,-0.7000000000000002,0.28423961090083644,2
831,-5.949999999999999,0.2839838719880462,2
832,-0.7000000000000002,0.28372836317123484,2
833,0.34999999999999987,0.28347308424337814,2
834,-5.35,0.28321803499763815,2
835,-5.1,0.28296321522736284,2
836,-0.10000000000000014,0.2827086247260863,2
837,-0.7000000000000002,0.28245426328752843,2
838,-1.8,0.28220013070559447,2
839,0.34999999999999987,0.28194622677437536,2
840,-1.1500000000000001,0.2816925512881472,2
841,-3.8499999999999996,0.28143910404137107,2
842,-6.0,0.28118588482869306,2
843,-0.55,0.28093289344494415,2
844,-0.55,0.2806801296851397,2
845,-1.2,0.2804275933444798,2
846,-1.2000000000000002,0.2801752842183484,2
847,-0.7000000000000002,0.2799232021023139,2
848,1.3499999999999999,0.2796713467921285,2
849,-2.4000000000000004,0.2794197180837281,2
850,0.5999999999999999,0.27916831577323237,2
851,-0.4500000000000002,0.27891713965694415,2
852,-2.4000000000000004,0.27866618953134986,2
853,-1.5000000000000002,0.2784154651931188,2
854,-1.1500000000000001,0.27816496643910343,2
855,-0.9000000000000001,0.27791469306633876,2
856,-1.1500000000000001,0.2776646448720425,2
857,-0.4500000000000002,0.27741482165361486,2
858,-0.9000000000000001,0.2771652232086383,2
859,0.5999999999999999,0.27691584933487734,2
860,-0.9000000000000001,0.2766666998302786,2
861,0.7999999999999998,0.2764177744929703,2
862,-0.9000000000000001,0.2761690731212625,2
863,-7.999999999999999,0.2759205955136465,2
864,-0.9000000000000001,0.27567234146879516,2
865,-7.999999999999999,0.2754243107855623,2
866,-2.1500000000000004,0.27517650326298276,2
867,-0.9000000000000001,0.27492891870027225,2
868,-0.9000000000000001,0.274681556896827,2
869,-0.9000000000000001,0.2744344176522238,2
870,-3.8499999999999996,0.2741875007662199,2
871,-4.699999999999999,0.2739408060387525,2
872,-1.1500000000000001,0.27369433326993886,2
873,0.34999999999999987,0.2734480822600762,2
874,-4.0,0.27320205280964127,2
875,-6.15,0.2729562447192904,2
876,0.29999999999999993,0.27271065778985937,2
877,-1.8,0.2724652918223629,2
878,1.2,0.272220146617995,2
879,-1.35,0.27197522197812846,2
880,0.29999999999999993,0.27173051770431483,2
881,-2.4000000000000004,0.271486033598284,2
882,-5.35,0.27124176946194456,2
883,-5.55,0.27099772509738307,2
884,-5.1,0.27075390030686425,2
885,-5.35,0.27051029489283085,2
886,-5.55,0.27026690865790315,2
887,-6.0,0.27002374140487917,2
888,-0.5,0.26978079293673435,2
889,0.04999999999999993,0.2695380630566213,2
890,-0.75,0.2692955515678699,2
891,-6.0,0.26905325827398674,2
892,-0.75,0.2688111829786555,2
893,-1.9500000000000002,0.26856932548573625,2
894,-1.35,0.26832768559926556,2
895,-0.7000000000000002,0.26808626312345657,2
896,-4.449999999999999,0.2678450578626982,2
897,-1.1500000000000001,0.2676040696215556,2
898,0.5999999999999999,0.26736329820476973,2
899,0.34999999999999987,0.26712274341725717,2
900,0.34999999999999987,0.26688240506411004,2
901,-2.4000000000000004,0.2666422829505959,2
902,1.8499999999999999,0.2664023768821574,2
903,-0.9000000000000001,0.2661626866644124,2
904,-4.449999999999999,0.2659232121031535,2
905,-2.6,0.26568395300434805,2
906,1.2,0.265444909174138,2
907,0.34999999999999987,0.26520608041883975,2
908,-4.5,0.26496746654494396,2
909,-10.35,0.26472906735911544,2
910,-1.8,0.26449088266819276,2
911,0.95,0.26425291227918846,2
912,-1.1500000000000001,0.2640151559992887,2
913,-1.2000000000000002,0.2637776136358531,2
914,-5.5,0.2635402849964146,2
915,0.34999999999999987,0.2633031698886792,2
916,-2.0,0.26306626812052614,2
917,-2.4000000000000004,0.2628295795000073,2
918,-3.1999999999999997,0.26259310383534734,2
919,0.5999999999999999,0.2623568409349436,2
920,0.5999999999999999,0.2621207906073656,2
921,0.5999999999999999,0.2618849526613552,2
922,0.09999999999999987,0.2616493269058264,2
923,-10.149999999999999,0.26141391314986484,2
924,-2.4000000000000004,0.26117871120272834,2
925,-0.9000000000000001,0.2609437208738461,2
926,-3.1999999999999997,0.2607089419728188,2
927,-2.4000000000000004,0.2604743743094185,2
928,0.09999999999999987,0.2602400176935883,2
929,-0.55,0.2600058719354424,2
930,-4.75,0.2597719368452658,2
931,-6.0,0.25953821223351414,2
932,-4.75,0.2593046979108138,2
933,-6.8,0.2590713936879613,2
934,-4.75,0.2588382993759235,2
935,-1.8,0.25860541478583743,2
936,-0.10000000000000014,0.25837273972900987,2
937,-0.30000000000000004,0.25814027401691747,2
938,0.7,0.25790801746120645,2
939,-1.8,0.2576759698736926,2
940,0.04999999999999993,0.25744413106636094,2
941,-1.8,0.25721250085136566,2
942,0.95,0.2569810790410299,2
943,0.95,0.2567498654478459,2
944,-1.35,0.2565188598844743,2
945,-0.30000000000000004,0.25628806216374445,2
946,0.09999999999999987,0.25605747209865415,2
947,-4.449999999999999,0.25582708950236926,2
948,1.5999999999999999,0.255596914188224,2
949,-2.6,0.2553669459697203,2
950,-0.55,0.25513718466052815,2
951,-0.7000000000000002,0.25490763007448486,2
952,-10.15,0.25467828202559545,2
953,-1.1500000000000001,0.25444914032803223,2
954,-0.9000000000000001,0.2542202047961348,2
955,-0.55,0.25399147524440957,2
956,-4.25,0.2537629514875302,2
957,-4.25,0.25353463334033677,2
958,-5.949999999999999,0.2533065206178361,2
959,-1.1500000000000001,0.25307861313520136,2
960,0.1499999999999999,0.25285091070777216,2
961,-5.35,0.25262341315105413,2
962,-0.9000000000000001,0.25239612028071895,2
963,-8.25,0.2521690319126041,2
964,-10.2,0.25194214786271285,2
965,-15.0,0.25171546794721394,2
966,-6.8,0.2514889919824415,2
967,-6.6,0.25126271978489495,2
968,-6.6,0.25103665117123886,2
969,-5.949999999999999,0.25081078595830264,2
970,-0.4500000000000002,0.2505851239630805,2
971,-3.4499999999999993,0.25035966500273144,2
972,-1.1500000000000001,0.25013440889457883,2
973,-1.35,0.2499093554561105,2
974,-2.1500000000000004,0.24968450450497845,2
975,0.09999999999999987,0.2494598558589987,2
976,-1.9500000000000002,0.2492354093361513,2
977,-4.699999999999999,0.24901116475457996,2
978,-1.9500000000000002,0.24878712193259206,2
979,0.09999999999999987,0.2485632806886584,2
980,-2.4000000000000004,0.2483396408414132,2
981,-0.55,0.2481162022096538,2
982,0.34999999999999987,0.24789296461234062,2
983,-2.6,0.24766992786859687,2
984,1.8499999999999999,0.2474470917977086,2
985,-2.4000000000000004,0.2472244562191244,2
986,-1.1500000000000001,0.24700202095245533,2
987,1.8499999999999999,0.24677978581747473,2
988,-0.7000000000000002,0.24655775063411814,2
989,-1.1500000000000001,0.24633591522248308,2
990,0.5999999999999999,0.24611427940282893,2
991,0.34999999999999987,0.24589284299557676,2
992,-0.4500000000000002,0.24567160582130926,2
993,1.5999999999999999,0.24545056770077053,2
994,-5.949999999999999,0.245229728454866,2
995,-1.9500000000000002,0.24500908790466208,2
996,-5.1,0.2447886458713864,2
997,-0.9000000000000001,0.24456840217642725,2
998,-2.4000000000000004,0.24434835664133372,2
999,0.34999999999999987,0.24412850908781544,2
1000,-1.9500000000000002,0.2439088593377424,2
1001,-2.220446049250313e-16,0.24368940721314492,2
1002,-2.6,0.24347015253621343,2
1003,0.5999999999999999,0.24325109512929835,2
1004,-1.1500000000000001,0.2430322348149099,2
1005,-4.6499999999999995,0.24281357141571805,2
1006,-1.9500000000000002,0.24259510475455223,2
1007,0.34999999999999987,0.24237683465440135,2
1008,-2.4000000000000004,0.24215876093841363,2
1009,0.09999999999999987,0.24194088342989623,2
1010,-0.4500000000000002,0.24172320195231548,2
1011,0.1499999999999999,0.2415057163292964,2
1012,-0.9000000000000001,0.24128842638462283,2
1013,-1.1500000000000001,0.24107133194223704,2
1014,-1.9500000000000002,0.24085443282623975,2
1015,1.8499999999999999,0.24063772886088994,2
1016,-2.4000000000000004,0.24042121987060472,2
1017,-1.1500000000000001,0.24020490567995917,2
1018,-0.9000000000000001,0.23998878611368624,2
1019,1.0499999999999998,0.2397728609966765,2
1020,-5.949999999999999,0.23955713015397812,2
1021,-0.4500000000000002,0.23934159341079667,2
1022,-0.9000000000000001,0.23912625059249495,2
1023,0.09999999999999987,0.23891110152459297,2
1024,-1.1500000000000001,0.23869614603276768,2
1025,0.5999999999999999,0.23848138394285284,2
1026,-0.9000000000000001,0.23826681508083897,2
1027,2.0999999999999996,0.23805243927287312,2
1028,-2.4000000000000004,0.23783825634525874,2
1029,-2.220446049250313e-16,0.23762426612445559,2
1030,-2.4000000000000004,0.23741046843707958,2
1031,0.5999999999999999,0.23719686310990262,2
1032,-1.1500000000000001,0.23698344996985246,2
1033,-0.9000000000000001,0.23677022884401255,2
1034,-0.9000000000000001,0.23655719955962196,2
1035,1.8499999999999999,0.23634436194407515,2
1036,-1.8,0.23613171582492193,2
1037,0.5999999999999999,0.23591926102986727,2
1038,-0.9000000000000001,0.2357069973867711,2
1039,0.5999999999999999,0.23549492472364822,2
1040,-0.9000000000000001,0.23528304286866827,2
1041,-2.4000000000000004,0.2350713516501554,2
1042,1.8499999999999999,0.2348598508965883,2
1043,-5.949999999999999,0.23464854043659994,2
1044,-1.1500000000000001,0.23443742009897742,2
1045,0.5999999999999999,0.234226489712662,2
1046,-1.1500000000000001,0.23401574910674874,2
1047,-5.949999999999999,0.23380519811048653,2
1048,0.09999999999999987,0.23359483655327787,2
1049,-6.6,0.23338466426467874,2
1050,-1.1500000000000001,0.23317468107439854,2
1051,-1.1500000000000001,0.2329648868122998,2
1052,-0.4500000000000002,0.23275528130839812,2
1053,0.34999999999999987,0.23254586439286215,2
1054,0.3999999999999999,0.23233663589601322,2
1055,0.34999999999999987,0.23212759564832544,2
1056,1.8499999999999999,0.23191874348042535,2
1057,0.09999999999999987,0.2317100792230919,2
1058,-3.9999999999999996,0.23150160270725634,2
1059,-2.6,0.23129331376400203,2
1060,0.5499999999999998,0.23108521222456424,2
1061,0.5999999999999999,0.23087729792033015,2
1062,-1.1500000000000001,0.23066957068283864,2
1063,-0.9000000000000001,0.2304620303437801,2
1064,0.09999999999999987,0.23025467673499644,2
1065,-1.9500000000000002,0.23004750968848084,2
1066,-0.4500000000000002,0.22984052903637758,2
1067,-0.9000000000000001,0.229633734610982,2
1068,-9.049999999999999,0.22942712624474038,2
1069,-2.6,0.22922070377024967,2
1070,-1.1500000000000001,0.22901446702025752,2
1071,-0.4500000000000002,0.22880841582766204,2
1072,-1.1500000000000001,0.22860255002551164,2
1073,0.34999999999999987,0.22839686944700494,2
1074,-4.249999999999999,0.2281913739254907,2
1075,-10.35,0.22798606329446758,2
1076,-6.6,0.22778093738758404,2
1077,-1.8,0.22757599603863826,2
1078,0.09999999999999987,0.22737123908157789,2
1079,-5.35,0.2271666663505,2
1080,-0.3000000000000001,0.226962277679651,2
1081,-4.699999999999999,0.22675807290342634,2
1082,-5.1,0.2265540518563705,2
1083,-1.8,0.22635021437317684,2
1084,-3.1999999999999993,0.22614656028868743,2
1085,-6.6,0.22594308943789296,2
1086,-0.3000000000000001,0.22573980165593258,2
1087,-0.9000000000000001,0.22553669677809374,2
1088,0.5999999999999999,0.22533377463981213,2
1089,-10.8,0.22513103507667145,2
1090,-8.649999999999999,0.2249284779244034,2
1091,-10.149999999999999,0.22472610301888743,2
1092,-2.6,0.22452391019615067,2
1093,-2.4000000000000004,0.2243218992923678,2
1094,-4.0,0.2241200701438608,2
1095,-2.8,0.22391842258709904,2
1096,-0.6500000000000001,0.223716956458699,2
1097,-5.049999999999999,0.22351567159542407,2
1098,-10.15,0.22331456783418463,2
1099,-0.9000000000000001,0.22311364501203773,2
1100,-2.4000000000000004,0.222912902966187,2
1101,2.0999999999999996,0.2227123415339826,2
1102,-1.9500000000000002,0.222511960552921,2
1103,-3.5999999999999996,0.22231175986064491,2
1104,-52.39999999999999,0.2221117392949431,2
1105,-9.7,0.22191189869375028,2
1106,-1.9500000000000002,0.22171223789514694,2
1107,-1.5000000000000002,0.22151275673735932,2
1108,-1.9500000000000002,0.22131345505875918,2
1109,-5.499999999999999,0.2211143326978637,2
1110,-5.949999999999999,0.22091538949333542,2
1111,-0.7000000000000002,0.22071662528398187,2
1112,-1.9500000000000002,0.22051803990875576,2
1113,-6.15,0.22031963320675468,2
1114,-2.8,0.220121405017221,2
1115,-0.7000000000000002,0.2199233551795416,2
1116,-0.4500000000000002,0.21972548353324797,2
1117,-1.9500000000000002,0.21952778991801603,2
1118,-6.15,0.21933027417366585,2
